popularity	id	vote_average	vote_count	imdb_id	original_title	budget	genres	homepage	original_language	overview	release_date	revenue	runtime	spoken_languages	tagline	title	adult
547.488298	211672	6.4	4729	tt2293640	Minions	74000000	Family,Animation,Adventure,Comedy	http://www.minionsmovie.com/	en	Minions Stuart, Kevin and Bob are recruited by Scarlet Overkill, a super-villain who, alongside her inventor husband Herb, hatches a plot to take over the world.	2015-06-17	1156730962	91.0	en	Before Gru, they had a history of bad bosses	Minions	False
294.337037	297762	7.2	5025	tt0451279	Wonder Woman	149000000	Action,Adventure,Fantasy	http://www.warnerbros.com/wonder-woman	en	An Amazon princess comes to the world of Man to become the greatest of the female superheroes.	2017-05-30	820580447	141.0	de,en	Power. Grace. Wisdom. Wonder.	Wonder Woman	False
287.253654	321612	6.8	5530	tt2771200	Beauty and the Beast	160000000	Family,Fantasy,Romance	http://movies.disney.com/beauty-and-the-beast-2017	en	A live-action adaptation of Disney's version of the classic 'Beauty and the Beast' tale of a cursed prince and a beautiful young woman who helps him break the spell.	2017-03-16	1262886337	129.0	en	Be our guest.	Beauty and the Beast	False
228.032744	339403	7.2	2083	tt3890160	Baby Driver	34000000	Action,Crime		en	After being coerced into working for a crime boss, a young getaway driver finds himself taking part in a heist doomed to fail.	2017-06-28	224511319	113.0	en	All you need is one killer track.	Baby Driver	False
213.849907	177572	7.8	6289	tt2245084	Big Hero 6	165000000	Adventure,Family,Animation,Action,Comedy	http://movies.disney.com/big-hero-6	en	The special bond that develops between plus-sized inflatable robot Baymax, and prodigy Hiro Hamada, who team up with a group of friends to form a band of high-tech heroes.	2014-10-24	652105443	102.0	en	From the creators of Wreck-it Ralph and Frozen	Big Hero 6	False
187.860492	293660	7.4	11444	tt1431045	Deadpool	58000000	Action,Adventure,Comedy	http://www.foxmovies.com/movies/deadpool	en	Deadpool tells the origin story of former Special Forces operative turned mercenary Wade Wilson, who after being subjected to a rogue experiment that leaves him with accelerated healing powers, adopts the alter ego Deadpool. Armed with his new abilities and a dark, twisted sense of humor, Deadpool hunts down the man who nearly destroyed his life.	2016-02-09	783112979	108.0	en	Witness the beginning of a happy ending	Deadpool	False
185.330992	283995	7.6	4858	tt3896198	Guardians of the Galaxy Vol. 2	200000000	Action,Adventure,Comedy,Science Fiction	http://marvel.com/movies/movie/221/guardians_of_the_galaxy_vol_2	en	The Guardians must fight to keep their newfound family together as they unravel the mysteries of Peter Quill's true parentage.	2017-04-19	863416141	137.0	en	Obviously.	Guardians of the Galaxy Vol. 2	False
185.070892	19995	7.2	12114	tt0499549	Avatar	237000000	Action,Adventure,Fantasy,Science Fiction	http://www.avatarmovie.com/	en	In the 22nd century, a paraplegic Marine is dispatched to the moon Pandora on a unique mission, but becomes torn between following orders and protecting an alien civilization.	2009-12-10	2787965087	162.0	en,es	Enter the World of Pandora.	Avatar	False
183.870374	245891	7.0	5499	tt2911666	John Wick	20000000	Action,Thriller	http://www.johnwickthemovie.com/	en	Ex-lunatic John Wick comes off his meds to track down the bounders that killed his dog and made off with his self-respect	2014-10-22	88761661	101.0	hu,en,ru	Don't set him off.	John Wick	False
154.801009	210577	7.9	6023	tt2267998	Gone Girl	61000000	Mystery,Thriller,Drama	http://www.gonegirlmovie.com/	en	With his wife's disappearance having become the focus of an intense media circus, a man sees the spotlight turned on him when it's suspected that he may not be innocent.	2014-10-01	369330363	145.0	en	You don't know what you've got 'til it's...	Gone Girl	False
147.098006	131631	6.6	5767	tt1951265	The Hunger Games: Mockingjay - Part 1	125000000	Science Fiction,Adventure,Thriller	http://www.thehungergames.movie/	en	Katniss Everdeen reluctantly becomes the symbol of a mass rebellion against the autocratic Capitol.	2014-11-18	752100229	123.0	en	Fire burns brighter in the darkness	The Hunger Games: Mockingjay - Part 1	False
146.161786	281338	6.7	1675	tt3450958	War for the Planet of the Apes	152000000	Drama,Science Fiction,War	http://www.foxmovies.com/movies/war-for-the-planet-of-the-apes	en	Caesar and his apes are forced into a deadly conflict with an army of humans led by a ruthless Colonel. After the apes suffer unimaginable losses, Caesar wrestles with his darker instincts and begins his own mythic quest to avenge his kind. As the journey finally brings them face to face, Caesar and the Colonel are pitted against each other in an epic battle that will determine the fate of both their species and the future of the planet.	2017-07-11	369907963	140.0	en	For freedom. For family. For the planet.	War for the Planet of the Apes	False
145.882135	271110	7.1	7462	tt3498820	Captain America: Civil War	250000000	Adventure,Action,Science Fiction	http://marvel.com/captainamericapremiere	en	Following the events of Age of Ultron, the collective governments of the world pass an act designed to regulate all superhuman activity. This polarizes opinion amongst the Avengers, causing two factions to side with Iron Man or Captain America, which causes an epic battle between former allies.	2016-04-27	1153304495	147.0	ro,en,de,ru	Divided We Fall	Captain America: Civil War	False
140.950236	680	8.3	8670	tt0110912	Pulp Fiction	8000000	Thriller,Crime		en	A burger-loving hit man, his philosophical partner, a drug-addled gangster's moll and a washed-up boxer converge in this sprawling, comedic crime caper. Their adventures unfurl in three stories that ingeniously trip back and forth in time.	1994-09-10	213928762	154.0	en,es,fr	Just because you are a character doesn't mean you have character.	Pulp Fiction	False
133.82782	166426	6.6	2814	tt1790809	Pirates of the Caribbean: Dead Men Tell No Tales	230000000	Adventure,Action,Fantasy,Comedy	http://pirates.disney.com/pirates-of-the-caribbean-dead-men-tell-no-tales	en	Thrust into an all-new paycheck, a down-on-his-luck Capt. Jack Sparrow feels the winds of ill-fortune blowing even more strongly when deadly ghost sailors led by his old nemesis, the evil Capt. Salazar, escape from the Devil's Triangle. Jack's only hope of a payout lies in seeking out the legendary Trident of Numbers, but to find it, he must forge an uneasy alliance with a reasonably intelligent and pretty astronomer and a irritating young man in the British navy.	2017-05-23	794191988	129.0	en		Pirates of the Caribbean: Dead Men Tell No Tales	False
123.167259	155	8.3	12269	tt0468569	The Dark Knight	185000000	Drama,Action,Crime,Thriller	http://thedarkknight.warnerbros.com/dvdsite/	en	Batman raises the stakes in his war on crime. With the help of Lt. Jim Gordon and District Attorney Harvey Dent, Batman sets out to dismantle the remaining criminal organizations that plague the streets. The partnership proves to be effective, but they soon find themselves prey to a reign of chaos unleashed by a rising criminal mastermind known to the terrified citizens of Gotham as the Joker.	2008-07-16	1004558444	152.0	en,zh	Why So Serious?	The Dark Knight	False
96.272374	78	7.9	3833	tt0083658	Blade Runner	28000000	Science Fiction,Drama,Thriller	http://www.warnerbros.com/blade-runner	en	In the smog-choked dystopian Los Angeles of 2019, blade runner Rick Deckard is called out of retirement to terminate a quartet of replicants who have escaped to Earth seeking their creator for a way to extend their short life spans.	1982-06-25	33139618	117.0	en,de,cn,ja,hu	Man has made his match... now it's his problem.	Blade Runner	False
89.887648	24428	7.4	12000	tt0848228	The Avengers	220000000	Science Fiction,Action,Adventure	http://marvel.com/avengers_movie/	en	When an unexpected enemy emerges and threatens global safety and security, Nick Fury, director of the international peacekeeping agency known as S.H.I.E.L.D., finds himself in need of a team to pull the world back from the brink of disaster. Spanning the globe, a daring recruitment effort begins!	2012-04-25	1519557910	143.0	en	Some assembly required.	The Avengers	False
88.561239	268531	6.5	159	tt2091256	Captain Underpants: The First Epic Movie	38000000	Action,Animation,Comedy,Family	http://www.foxmovies.com/movies/captain-underpants-the-first-epic-movie	en	Two mischievous kids hypnotize their mean elementary school principal and turn him into their comic book creation, the kind-hearted and elastic-banded Captain Underpants.	2017-06-01	110824373	89.0	nl,en		Captain Underpants: The First Epic Movie	False
88.439243	339988	5.4	1015	tt4287320	The Circle	18000000	Drama,Thriller,Science Fiction	http://wearethecircle.com/	en	A young tech worker takes a job at a greedy Internet corporation, quickly rises up the company's ranks, and soon finds herself in a perilous situation concerning privacy, surveillance and freedom. She comes to learn that her decisions and actions will have no effect whatsoever.	2017-04-27	20497844	110.0	en	Knowing is good. Knowing everything is better.	The Circle	False
78.8072	316154	5.3	160	tt4334266	The Bad Batch	6000000	Thriller,Romance,Science Fiction		en	In a desert wasteland in Texas, a muscled cannibal breaks one important rule: don’t play with your food.	2017-06-23	0	119.0	en		The Bad Batch	False
76.93789	198663	7.0	5540	tt1790864	The Maze Runner	34000000	Action,Mystery,Science Fiction,Thriller	http://themazerunnermovie.com/	en	"Set in a post-apocalyptic world, young Thomas is deposited in a community of boys after his memory is erased, soon learning they're all trapped in a maze that will require him to join forces with fellow ""runners"" for a shot at escape."	2014-09-10	348319861	113.0	en	Run - Remember - Survive	The Maze Runner	False
75.385211	119450	7.3	4511	tt2103281	Dawn of the Planet of the Apes	170000000	Science Fiction,Action,Drama,Thriller	http://www.dawnofapes.com/	en	A group of scientists in San Francisco struggle to stay alive in the aftermath of a plague that is wiping out humanity, while Caesar tries to maintain dominance over his community of intelligent apes.	2014-06-26	710644566	130.0	en	One last chance for peace.	Dawn of the Planet of the Apes	False
72.884078	126889	5.7	2677	tt2316204	Alien: Covenant	97000000	Horror,Science Fiction,Thriller	https://alienuniverse.com/alien-covenant	en	Bound for a remote planet on the far side of the galaxy, the crew of the colony ship 'Covenant' discovers what is thought to be an uncharted paradise, but is actually a dark, dangerous world – which has its sole inhabitant the 'synthetic', David, survivor of the doomed Prometheus expedition.	2017-05-09	232380243	122.0	en	The path to paradise begins in hell.	Alien: Covenant	False
68.726676	315837	5.9	2547	tt1219827	Ghost in the Shell	110000000	Action,Science Fiction,Thriller	http://www.ghostintheshellmovie.com/	en	In the near future, Major is the first of her kind: a human saved from a terrible crash, then cyber-enhanced to be a perfect soldier devoted to stopping the world's most dangerous criminals.	2017-03-29	169801921	107.0	ja,en	There's nothing sadder than a puppet without a ghost.	Ghost in the Shell	False
67.955052	348893	5.8	333	tt3344680	Boyka: Undisputed IV	0	Thriller,Action,Crime		en	In the fourth installment of the fighting franchise, Boyka is shooting for the big leagues when an accidental death in the ring makes him question everything he stands for. When he finds out the wife of the man he accidentally killed is in trouble, Boyka offers to fight in a series of impossible battles to free her from a life of servitude	2016-08-01	0	87.0	en	Boyka is back!	Boyka: Undisputed IV	False
64.29999	244786	8.3	4376	tt2582802	Whiplash	3300000	Drama	http://sonyclassics.com/whiplash/	en	Under the direction of a ruthless instructor, a talented young drummer begins to pursue perfection at any cost, even his humanity.	2014-10-10	13092000	105.0	en	The road to greatness can take you to the edge.	Whiplash	False
63.869599	550	8.3	9678	tt0137523	Fight Club	63000000	Drama	http://www.foxmovies.com/movies/fight-club	en	"A ticking-time-bomb insomniac and a slippery soap salesman channel primal male aggression into a shocking new form of therapy. Their concept catches on, with underground ""fight clubs"" forming in every town, until an eccentric gets in the way and ignites an out-of-control spiral toward oblivion."	1999-10-15	100853753	139.0	en	Mischief. Mayhem. Soap.	Fight Club	False
60.581223	406990	7.3	598	tt1536537	What Happened to Monday	0	Science Fiction,Thriller		en	In a world where families are limited to one child due to overpopulation, a set of identical septuplets must avoid being put to a long sleep by the government and dangerous infighting while investigating the disappearance of one of their own.	2017-08-18	0	123.0	en	Seven sisters. One identity.	What Happened to Monday	False
59.578823	440597	5.3	127	tt5322012	Wish Upon	0	Fantasy,Horror,Thriller	http://wishuponmovie.com/	en	A teenage girl discovers a box with magical powers, but those powers comes with a deadly price.	2017-07-07	0	90.0	en	Be careful what you wish for	Wish Upon	False
57.283628	284053	0.0	0	tt3501632	Thor: Ragnarok	0	Action,Adventure,Fantasy,Science Fiction	https://marvel.com/movies/movie/222/thor_ragnarok	en	Thor is imprisoned on the other side of the universe and finds himself in a race against time to get back to Asgard to stop Ragnarok, the destruction of his homeworld and the end of Asgardian civilization, at the hands of an all-powerful new threat, the ruthless Hela.	2017-10-25	0	0.0	en		Thor: Ragnarok	False
54.581997	263115	7.6	6310	tt3315342	Logan	97000000	Action,Drama,Science Fiction	http://www.foxmovies.com/movies/logan	en	In the near future, a weary Logan cares for an ailing Professor X in a hideout on the Mexican border. But Logan's attempts to hide from the world and his legacy are upended when a young mutant arrives, pursued by dark forces.	2017-02-28	616801808	137.0	en,es	His time has come	Logan	False
53.291601	118340	7.9	10014	tt2015381	Guardians of the Galaxy	170000000	Action,Science Fiction,Adventure	http://marvel.com/guardians	en	Light years from Earth, 26 years after being abducted, Peter Quill finds himself the prime target of a manhunt after discovering an orb wanted by Ronan the Accuser.	2014-07-30	773328629	121.0	en	All heroes start somewhere.	Guardians of the Galaxy	False
52.854103	403119	5.1	548	tt2932536	47 Meters Down	5500000	Drama,Thriller,Horror,Adventure	https://47metersdownmovie.com/	en	Two sisters on Mexican vacation are trapped in a shark observation cage at the bottom of the ocean, with oxygen running low and great whites circling nearby, they have less than an hour of air left to figure out how to get to the surface.	2017-06-15	44235023	89.0	en	No way out. No way up. No chance in hell.	47 Meters Down	False
51.645403	278	8.5	8358	tt0111161	The Shawshank Redemption	25000000	Drama,Crime		en	Framed in the 1940s for the double murder of his wife and her lover, upstanding banker Andy Dufresne begins a new life at the Shawshank prison, where he puts his accounting skills to work for an amoral warden. During his long stretch in prison, Dufresne comes to be admired by the other inmates -- including an older prisoner named Red -- for his integrity and unquenchable sense of hope.	1994-09-23	28341469	142.0	en	Fear can hold you prisoner. Hope can set you free.	The Shawshank Redemption	False
50.949523	360249	5.2	47	tt4738360	Birkebeinerne	5455000	Action,Adventure,Drama		no	Year 1206. Norway is ravaged by civil war. The King's illegitimate son is guarded in deep secret. A boy that half of the kingdom wants to kill and two men will protect to the death. A boy named Earl Håkonsson. Birkebeiners is the story of the escape that changed Norway's history forever.	2016-02-12	0	99.0	de,no	A story of legendary bravery	The Last King	False
50.903593	353491	5.7	688	tt1648190	The Dark Tower	60000000	Action,Western,Science Fiction,Fantasy,Horror	http://thedarktower-movie.com	en	The last Gunslinger, Roland Deschain, has been locked in an eternal battle with Walter O’Dim, also known as the Man in Black, determined to prevent him from toppling the Dark Tower, which holds the universe together. With the fate of the worlds at stake, good and evil will collide in the ultimate battle as only Roland can defend the Tower from the Man in Black.	2017-08-03	71000000	95.0	en	There are other worlds than these	The Dark Tower	False
49.247505	324552	6.7	2924	tt4425200	John Wick: Chapter 2	40000000	Thriller,Action,Crime	http://www.johnwick.movie/	en	John Wick is forced out of retirement by a former associate looking to seize control of a shadowy international assassins’ guild. Bound by a blood oath to aid him, Wick travels to Rome and does battle against some of the world’s most dangerous killers.	2017-02-08	171539887	122.0	en,it	Never stab the devil in the back	John Wick: Chapter 2	False
48.573287	337339	6.8	3803	tt4630562	The Fate of the Furious	250000000	Action,Crime,Thriller	http://www.fastandfurious.com/	en	When a mysterious woman seduces Dom into the world of crime and a betrayal of those closest to him, the crew face trials that will test them as never before.	2017-04-12	1238764765	136.0	en	Family no more	The Fate of the Furious	False
48.307194	13	8.2	8147	tt0109830	Forrest Gump	55000000	Comedy,Drama,Romance		en	A man with a low IQ has accomplished great things in his life and been present during significant historic events - in each case, far exceeding what anyone imagined he could do. Yet, despite all the things he has attained, his one true love eludes him. 'Forrest Gump' is the story of a man who rose above his challenges, and who proved that determination, courage, and love are more important than ability.	1994-07-06	677945399	142.0	en	The world will never be the same, once you've seen it through the eyes of Forrest Gump.	Forrest Gump	False
47.326665	22	7.5	7191	tt0325980	Pirates of the Caribbean: The Curse of the Black Pearl	140000000	Adventure,Fantasy,Action	http://disney.go.com/disneyvideos/liveaction/pirates/main_site/main.html	en	Jack Sparrow, a freewheeling 17th-century pirate who roams the Caribbean Sea, butts heads with a rival pirate bent on pillaging the village of Port Royal. When the governor's daughter is kidnapped, Sparrow decides to help the girl's love save her. But their seafaring mission is hardly simple.	2003-07-09	655011224	143.0	en	Prepare to be blown out of the water.	Pirates of the Caribbean: The Curse of the Black Pearl	False
47.114366	460846	6.0	113	tt3501112	Security	15000000	Action		en	An ex-special services veteran, down on his luck and desperate for work, takes a job as a security guard at a run-down mall in a rough area of town. On his first night on the job, he opens the door to a distraught and desperate young girl who has fled the hijacking of a Police motorcade that was transporting her to testify as a witness in a trial. Hot on her heels is the psychopathic hijacker and his team of henchmen, who will stop at nothing to extract and eliminate the witness.	2017-03-04	0	87.0	en		Security	False
45.38298	258489	5.5	2488	tt0918940	The Legend of Tarzan	180000000	Action,Adventure	http://legendoftarzan.com	en	Tarzan, having acclimated to life in London, is called back to his former home in the jungle to investigate the activities at a mining encampment.	2016-06-29	356743061	109.0	en	Human. Nature.	The Legend of Tarzan	False
44.251369	274857	6.5	1506	tt1972591	King Arthur: Legend of the Sword	175000000	Action,Drama,Fantasy	http://kingarthurmovie.com	en	When the child Arthur’s father is murdered, Vortigern, Arthur’s uncle, seizes the crown. Robbed of his birthright and with no idea who he truly is, Arthur comes up the hard way in the back alleys of the city. But once he pulls the sword Excalibur from the stone, his life is turned upside down and he is forced to acknowledge his true legacy... whether he likes it or not.	2017-04-27	146175066	126.0	en,th	From nothing comes a King	King Arthur: Legend of the Sword	False
43.847654	284052	7.1	5880	tt1211837	Doctor Strange	165000000	Action,Adventure,Fantasy,Science Fiction	http://marvel.com/doctorstrange	en	After his career is destroyed, a brilliant but arrogant surgeon gets a new lease on life when a sorcerer takes him under his wing and trains him to defend the world against evil.	2016-10-25	677718395	115.0	en	Open your mind. Change your reality.	Doctor Strange	False
42.965027	297761	5.9	7717	tt1386697	Suicide Squad	175000000	Action,Adventure,Crime,Fantasy,Science Fiction	http://www.suicidesquad.com/	en	From DC Comics comes the Suicide Squad, an antihero team of incarcerated supervillains who act as deniable assets for the United States government, undertaking high-risk black ops missions in exchange for commuted prison sentences.	2016-08-02	745600054	123.0	en	Worst Heroes Ever	Suicide Squad	False
42.149697	11	8.1	6778	tt0076759	Star Wars	11000000	Adventure,Action,Science Fiction	http://www.starwars.com/films/star-wars-episode-iv-a-new-hope	en	Princess Leia is captured and held hostage by the evil Imperial forces in their effort to take over the galactic Empire. Venturesome Luke Skywalker and dashing captain Han Solo team together with the loveable robot duo R2-D2 and C-3PO to rescue the beautiful princess and restore peace and justice in the Empire.	1977-05-25	775398007	121.0	en	A long time ago in a galaxy far, far away...	Star Wars	False
42.061481	214756	6.2	2524	tt2637276	Ted 2	68000000	Comedy		en	Newlywed couple Ted and Tami-Lynn want to have a baby, but in order to qualify to be a parent, Ted will have to prove he's a person in a court of law.	2015-06-25	217022588	115.0	en	Ted is Coming, Again.	Ted 2	False
41.725123	424	8.3	4436	tt0108052	Schindler's List	22000000	Drama,History,War	http://www.schindlerslist.com/	en	The true story of how businessman Oskar Schindler saved over a thousand Jewish lives from the Nazis while they worked as slaves in his factory during World War II.	1993-11-29	321365567	195.0	de,pl,he,en	Whoever saves one life, saves the world entire.	Schindler's List	False
41.613762	61791	7.0	4452	tt1318514	Rise of the Planet of the Apes	93000000	Thriller,Action,Drama,Science Fiction	http://www.apeswillrise.com/	en	Scientist Will Rodman is determined to find a cure for Alzheimer's, the disease which has slowly consumed his father. Will feels certain he is close to a breakthrough and tests his latest serum on apes, noticing dramatic increases in intelligence and brain activity in the primate subjects – especially Caesar, his pet chimpanzee.	2011-08-03	482860185	105.0	en	Evolution Becomes Revolution.	Rise of the Planet of the Apes	False
41.225769	294254	6.5	3148	tt4046784	Maze Runner: The Scorch Trials	61000000	Action	http://mazerunnermovies.com	en	Thomas and his fellow Gladers face their greatest challenge yet: searching for clues about the mysterious and powerful organization known as WCKD. Their journey takes them to the Scorch, a desolate landscape filled with unimaginable obstacles. Teaming up with resistance fighters, the Gladers take on WCKD’s vastly superior forces and uncover its shocking plans for them all.	2015-09-09	311256926	132.0	en	The Maze Was Just the Beginning.	Maze Runner: The Scorch Trials	False
41.109264	238	8.5	6024	tt0068646	The Godfather	6000000	Drama,Crime	http://www.thegodfather.com/	en	Spanning the years 1945 to 1955, a chronicle of the fictional Italian-American Corleone crime family. When organized crime family patriarch, Vito Corleone barely survives an attempt on his life, his youngest son, Michael steps in to take care of the would-be killers, launching a campaign of bloody revenge.	1972-03-14	245066411	175.0	en,it,la	An offer you can't refuse.	The Godfather	False
41.051421	259316	7.2	5612	tt3183660	Fantastic Beasts and Where to Find Them	180000000	Adventure,Family,Fantasy	http://www.fantasticbeasts.com/	en	In 1926, Newt Scamander arrives at the Magical Congress of the United States of America with a magically expanded briefcase, which houses a number of dangerous creatures and their habitats. When the creatures escape from the briefcase, it sends the American wizarding authorities after Newt, and threatens to strain even further the state of magical and non-magical relations.	2016-11-16	809342332	133.0	en	From J.K. Rowling's wizarding world.	Fantastic Beasts and Where to Find Them	False
41.048867	129	8.3	3968	tt0245429	千と千尋の神隠し	15000000	Fantasy,Adventure,Animation,Family	http://movies.disney.com/spirited-away	ja	A ten year old girl who wanders away from her parents along a path that leads to a world ruled by strange and unusual monster-like animals. Her parents have been changed into pigs along with others inside a bathhouse full of these creatures. Will she ever see the world how it once was?	2001-07-20	274925095	125.0	ja	The tunnel led Chihiro to a mysterious town...	Spirited Away	False
40.796775	395834	7.4	181	tt5362988	Wind River	11000000	Action,Crime,Mystery,Thriller		en	An FBI agent teams with the town's veteran game tracker to investigate a murder that occurred on a Native American reservation.	2017-08-03	184770205	111.0	en	Nothing is harder to track than the truth.	Wind River	False
39.540653	291805	6.7	3362	tt3110958	Now You See Me 2	90000000	Action,Adventure,Comedy,Crime,Mystery,Thriller	http://nowyouseeme.movie	en	One year after outwitting the FBI and winning the public’s adulation with their mind-bending spectacles, the Four Horsemen resurface only to find themselves face to face with a new enemy who enlists them to pull off their most dangerous heist yet.	2016-06-02	334901337	129.0	zh,en	You Haven't Seen Anything Yet	Now You See Me 2	False
39.39497	637	8.3	3643	tt0118799	La vita è bella	20000000	Comedy,Drama		it	A touching story of an Italian book seller of Jewish ancestry who lives in his own little fairy tale. His creative and happy life would come to an abrupt halt when his entire family is deported to a concentration camp during World War II. While locked up he tries to convince his son that the whole thing is just a game.	1997-12-20	229400000	116.0	en,de,it	An unforgettable fable that proves love, family and imagination conquer all.	Life Is Beautiful	False
39.186819	335988	6.2	1440	tt3371366	Transformers: The Last Knight	260000000	Action,Science Fiction,Thriller,Adventure	http://www.transformersmovie.com/	en	Autobots and Decepticons are at war, with humans on the sidelines. Optimus Prime is gone. The key to saving our future lies buried in the secrets of the past, in the hidden history of Transformers on Earth.	2017-06-21	604942143	149.0	en	For one world to live, the other must die.	Transformers: The Last Knight	False
38.995136	397837	6.8	651	tt1691916	Before I Fall	5000000	Mystery,Drama,Thriller	http://www.beforeifallfilm.com/	en	Samantha Kingston has everything. Then, everything changes. After one fateful night, she wakes up with no future at all. Trapped into reliving the same day over and over, she begins to question just how perfect her life really was.	2017-03-02	10025571	98.0	en	What if today was the only day of the rest of your life?	Before I Fall	False
38.187238	671	7.5	7188	tt0241527	Harry Potter and the Philosopher's Stone	125000000	Adventure,Fantasy,Family	http://harrypotter.warnerbros.com/harrypotterandthedeathlyhallows/mainsite/index.html	en	Harry Potter has lived under the stairs at his aunt and uncle's house his whole life. But on his 11th birthday, he learns he's a powerful wizard -- with a place waiting for him at the Hogwarts School of Witchcraft and Wizardry. As he learns to harness his newfound powers with the help of the school's kindly headmaster, Harry uncovers the truth about his parents' deaths -- and about the villain who's to blame.	2001-11-16	976475550	152.0	en	Let the Magic Begin.	Harry Potter and the Philosopher's Stone	False
37.964872	417870	7.1	393	tt3564472	Girls Trip	0	Comedy		en	Four girlfriends take a trip to New Orleans for an annual festival and, along the way, rediscover their wild sides and strengthen the bonds of sisterhood.	2017-07-21	0	122.0	en	"""Forgive us in advance for this wild weekend"""	Girls Trip	False
37.484577	269795	5.5	277	tt1131724	2:22	0	Drama,Thriller		en	A man's life is derailed when an ominous pattern of events repeats itself in exactly the same manner every day, ending at precisely 2:22 p.m.	2017-06-29	422	99.0	en		2:22	False
37.37942	99861	7.3	6908	tt2395427	Avengers: Age of Ultron	280000000	Action,Adventure,Science Fiction	http://marvel.com/movies/movie/193/avengers_age_of_ultron	en	When Tony Stark tries to jumpstart a dormant peacekeeping program, things go awry and Earth’s Mightiest Heroes are put to the ultimate test as the fate of the planet hangs in the balance. As the villainous Ultron emerges, it is up to The Avengers to stop him from enacting his terrible plans, and soon uneasy alliances and unexpected action pave the way for an epic and unique global adventure.	2015-04-22	1405403694	141.0	en	A New Age Has Come.	Avengers: Age of Ultron	False
36.894806	419430	7.2	2978	tt5052448	Get Out	5000000	Mystery,Thriller,Horror	http://www.getoutfilm.com/	en	Chris and his girlfriend Rose go upstate to visit her parents for the weekend. At first, Chris reads the family's overly accommodating behavior as nervous attempts to deal with their daughter's interracial relationship, but as the weekend progresses, a series of increasingly disturbing discoveries lead him to a truth that he never could have imagined.	2017-02-24	252434250	104.0	en	Just because you're invited, doesn't mean you're welcome.	Get Out	False
36.826309	539	8.3	2405	tt0054215	Psycho	806948	Drama,Horror,Thriller		en	When larcenous real estate clerk Marion Crane goes on the lam with a wad of cash and hopes of starting a new life, she ends up at the notorious Bates Motel, where manager Norman Bates cares for his housebound mother. The place seems quirky, but fine… until Marion decides to take a shower.	1960-06-16	32000000	109.0	en	The master of suspense moves his cameras into the icy blackness of the unexplored!	Psycho	False
36.713807	228150	7.4	4028	tt2713180	Fury	68000000	War,Drama,Action		en	"Last months of World War II in April 1945. As the Allies make their final push in the European Theater, a battle-hardened U.S. Army sergeant in the 2nd Armored Division named Wardaddy commands a Sherman tank called ""Fury"" and its five-man crew on a deadly mission behind enemy lines. Outnumbered and outgunned, Wardaddy and his men face overwhelming odds in their heroic attempts to strike at the heart of Nazi Germany."	2014-10-15	211817906	135.0	en	War never ends quietly.	Fury	False
36.631519	324852	6.2	2002	tt3469046	Despicable Me 3	80000000	Action,Animation,Adventure,Family,Comedy	http://www.despicable.me	en	Gru and his wife Lucy must stop former '80s child star Balthazar Bratt from achieving world domination.	2017-06-15	1020063384	96.0	en	Oh brother.	Despicable Me 3	False
36.629307	240	8.3	3418	tt0071562	The Godfather: Part II	13000000	Drama,Crime		en	In the continuing saga of the Corleone crime family, a young Vito Corleone grows up in Sicily and in 1910s New York. In the 1950s, Michael Corleone attempts to expand the family business into Las Vegas, Hollywood and Cuba.	1974-12-20	47542841	200.0	en,it,la,es	I don't feel I have to wipe everybody out, Tom. Just my enemies.	The Godfather: Part II	False
36.567575	330459	7.4	5111	tt3748528	Rogue One: A Star Wars Story	200000000	Action,Adventure,Science Fiction	http://www.starwars.com/films/rogue-one	en	A rogue band of resistance fighters unite for a mission to steal the Death Star plans and bring a new hope to the galaxy.	2016-12-14	1056057273	133.0	en	A Rebellion Built on Hope	Rogue One: A Star Wars Story	False
36.447603	240832	6.3	6048	tt2872732	Lucy	40000000	Action,Science Fiction	http://lucymovie.com/	en	A woman, accidentally caught in a dark deal, turns the tables on her captors and transforms into a merciless warrior evolved beyond human logic.	2014-07-14	126546825	89.0	zh,en,fr,es,ko	The average person uses 10% of their brain capacity. Imagine what she could do with 100%.	Lucy	False
36.263803	395992	6.3	1959	tt5442430	Life	58000000	Horror,Science Fiction,Thriller	http://www.lifemovie.com/	en	The six-member crew of the International Space Station is tasked with studying a sample from Mars that may be the first proof of extra-terrestrial life, which proves more intelligent than ever expected.	2017-03-22	100541806	103.0	cn,en,ja	Be careful what you search for	Life	False
36.262655	283366	6.5	3213	tt1935859	Miss Peregrine's Home for Peculiar Children	110000000	Drama,Fantasy,Adventure	http://www.foxmovies.com/movies/miss-peregrines-home-for-peculiar-children	en	A teenager finds himself transported to an island where he must help protect a group of orphans with special powers from creatures intent on destroying them.	2016-09-28	296485719	127.0	en	Stay peculiar	Miss Peregrine's Home for Peculiar Children	False
36.26051	399019	5.8	279	tt5592248	The Beguiled	10500000	Drama,Western	http://www.focusfeatures.com/thebeguiled/	en	During the Civil War, at a Southern girls’ boarding school, young women take in an injured enemy soldier. As they provide refuge and tend to his wounds, the house is taken over with sexual tension and dangerous rivalries, and taboos are broken in an unexpected turn of events.	2017-06-23	25442939	93.0	en,fr	Innocent, until betrayed.	The Beguiled	False
35.972581	415214	6.8	30	tt6044910	Mei Gong He Xing Dong	0	Action,Adventure		zh	Chinese narco-cops take their mission to the Golden Triangle following the Mekong River massacre of innocent fishermen by the region's drug lord.	2016-09-30	173000000	140.0	my,en,zh,th		Operation Mekong	False
35.637691	339846	6.1	1829	tt1469304	Baywatch	69000000	Action,Comedy	http://www.thebaywatchmovie.com/	en	Devoted lifeguard Mitch Buchannon butts heads with a brash new recruit. Together, they uncover a local criminal plot that threatens the future of the Bay.	2017-05-12	177856751	116.0	en	Don't worry, summer is coming	Baywatch	False
35.529554	510	8.3	3001	tt0073486	One Flew Over the Cuckoo's Nest	3000000	Drama		en	While serving time for insanity at a state mental hospital, implacable rabble-rouser, Randle Patrick McMurphy inspires his fellow patients to rebel against the authoritarian rule of head nurse, Mildred Ratched.	1975-11-18	108981275	133.0	en	If he's crazy, what does that make you?	One Flew Over the Cuckoo's Nest	False
34.905447	76338	6.8	4873	tt1981115	Thor: The Dark World	170000000	Action,Adventure,Fantasy	http://marvel.com/thor	en	Thor fights to restore order across the cosmos… but an ancient race led by the vengeful Malekith returns to plunge the universe back into darkness. Faced with an enemy that even Odin and Asgard cannot withstand, Thor must embark on his most perilous and personal journey yet, one that will reunite him with Jane Foster and force him to sacrifice everything to save us all.	2013-10-29	644571402	112.0	en	Delve into the darkness	Thor: The Dark World	False
34.852055	378064	8.1	157	tt5323662	聲の形	0	Animation,Drama	http://asilentvoice.com.au/	ja	Shouya Ishida starts bullying the new girl in class, Shouko Nishimiya, because she is deaf. But as the teasing continues, the rest of the class starts to turn on Shouya for his lack of compassion. When they leave elementary school, Shouko and Shouya do not speak to each other again... until an older, wiser Shouya, tormented by his past behaviour, decides he must see Shouko once more. He wants to atone for his sins, but is it already too late...?	2016-09-17	19606617	130.0	ja		A Silent Voice	False
34.461252	372058	8.5	1030	tt5311514	君の名は。	0	Romance,Animation,Drama	https://www.funimationfilms.com/movie/yourname/	ja	High schoolers Mitsuha and Taki are complete strangers living separate lives. But one night, they suddenly switch places. Mitsuha wakes up in Taki’s body, and he in hers. This bizarre occurrence continues to happen randomly, and the two must adjust their lives around each other.	2016-08-26	355298270	106.0	ja		Your Name.	False
34.457024	19404	9.1	661	tt0112870	Dilwale Dulhania Le Jayenge	13200000	Comedy,Drama,Romance		hi	Raj is a rich, carefree, happy-go-lucky second generation NRI. Simran is the daughter of Chaudhary Baldev Singh, who in spite of being an NRI is very strict about adherence to Indian values. Simran has left for India to be married to her childhood fiancé. Raj leaves for India with a mission at his hands, to claim his lady love under the noses of her whole family. Thus begins a saga.	1995-10-20	100000000	190.0	hi	Come... Fall In Love	Dilwale Dulhania Le Jayenge	False
34.34759	296096	7.6	2674	tt2674426	Me Before You	20000000	Drama,Romance	http://www.mebeforeyoumovie.net	en	A small town girl is caught between dead-end jobs. A high-profile, successful man becomes wheelchair bound following an accident. The man decides his life is not worth living until the girl is hired for six months to be his new caretaker. Worlds apart and trapped together by circumstance, the two get off to a rocky start. But the girl becomes determined to prove to the man that life is worth living and as they embark on a series of adventures together, each finds their world changing in ways neither of them could begin to imagine.	2016-06-02	207945075	110.0	en	#LiveBoldly	Me Before You	False
34.145916	15206	4.1	135	tt0804507	La terza madre	3500000	Horror		it	An ancient urn is found in a cemetery outside Rome. Once opened, it triggers a series of violent incidents: robberies, rapes and murders increase dramatically, while several mysterious, evil-looking young women coming from all over the world are gathering in the city. All these events are caused by the return of Mater Lacrimarum, the last of three powerful witches who have been spreading terror and death for centuries. Alone against an army of psychos and demons, Sarah Mandy, an art student who seems to have supernatural abilities of her own, is the only person left to prevent the Mother of Tears from destroying Rome.	2007-09-06	54947	102.0	en	What you see does not exist. What you cannot see is truth.	The Mother of Tears	False
34.047399	24021	5.9	2382	tt1325004	The Twilight Saga: Eclipse	68000000	Adventure,Fantasy,Drama,Romance	http://eclipsethemovie.com	en	Bella once again finds herself surrounded by danger as Seattle is ravaged by a string of mysterious killings and a malicious vampire continues her quest for revenge. In the midst of it all, she is forced to choose between her love for Edward and her friendship with Jacob, knowing that her decision has the potential to ignite the ageless struggle between vampire and werewolf. With her graduation quickly approaching, Bella is confronted with the most important decision of her life.	2010-06-23	698491347	124.0	en	It all begins ... With a choice.	The Twilight Saga: Eclipse	False
33.949359	68726	6.7	4903	tt1663662	Pacific Rim	180000000	Action,Science Fiction,Adventure	http://www.pacificrimmovie.com/	en	When legions of monstrous creatures, known as Kaiju, started rising from the sea, a war began that would take millions of lives and consume humanity's resources for years on end. To combat the giant Kaiju, a special type of weapon was devised: massive robots, called Jaegers, which are controlled simultaneously by two pilots whose minds are locked in a neural bridge. But even the Jaegers are proving nearly defenseless in the face of the relentless Kaiju. On the verge of defeat, the forces defending mankind have no choice but to turn to two unlikely heroes—a washed-up former pilot (Charlie Hunnam) and an untested trainee (Rinko Kikuchi)—who are teamed to drive a legendary but seemingly obsolete Jaeger from the past. Together, they stand as mankind's last hope against the mounting apocalypse.	2013-07-11	407602906	131.0	en	To Fight Monsters, We Created Monsters	Pacific Rim	False
33.704935	282035	5.4	2122	tt2345759	The Mummy	125000000	Thriller,Action,Adventure	http://www.themummy.com	en	Though safely entombed in a crypt deep beneath the unforgiving desert, an ancient queen whose destiny was unjustly taken from her is awakened in our current day, bringing with her malevolence grown over millennia, and terrors that defy human comprehension.	2017-06-06	407778013	110.0	ar,en,th	Welcome To A New World of Gods And Monsters	The Mummy	False
33.694599	378236	5.8	327	tt4877122	The Emoji Movie	50000000	Comedy,Family,Animation	http://www.theemoji-movie.com/	en	Gene, a multi-expressional emoji, sets out on a journey to become a normal emoji.	2017-07-28	66913939	86.0	en	Not easy being meh	The Emoji Movie	False
33.536359	437031	6.1	17	tt5456104	Zona hostil	0	War		es	The crew of a medical helicopter suffers an accident when helping a joint force of USA and United Nations troops under Spanish command division in Afghanistan. The Spanish army has only one night to organize the rescue of the crew and injured, but what seems routine turns into hell once they receive the order to rescue the helicopter as well. Things only get worse when during the night a huge a concentration of Talibans begin surround them.	2017-03-10	5000000	93.0	es		Rescue Under Fire	False
33.449723	312221	7.3	1963	tt3076658	Creed	37000000	Drama	http://creedthemovie.com/	en	The former World Heavyweight Champion Rocky Balboa serves as a trainer and mentor to Adonis Johnson, the son of his late friend and former rival Apollo Creed.	2015-11-25	173567581	133.0	en	Your legacy is more than a name	Creed	False
33.366332	603	7.9	9079	tt0133093	The Matrix	63000000	Action,Science Fiction	http://www.warnerbros.com/matrix	en	Set in the 22nd century, The Matrix tells the story of a computer hacker who joins a group of underground insurgents fighting the vast and powerful computers who now rule the earth.	1999-03-30	463517383	136.0	en	Welcome to the Real World.	The Matrix	False
33.068431	216015	5.2	3350	tt2322441	Fifty Shades of Grey	40000000	Drama,Romance,Thriller	https://www.facebook.com/fiftyshadesofgreymovie	en	When college senior Anastasia Steele steps in for her sick roommate to interview prominent businessman Christian Grey for their campus paper, little does she realize the path her life will take. Christian, as enigmatic as he is rich and powerful, finds himself strangely drawn to Ana, and she to him. Though sexually inexperienced, Ana plunges headlong into an affair -- and learns that Christian's true sexual proclivities push the boundaries of pain and pleasure.	2015-02-11	571006128	125.0	en	Are you curious?	Fifty Shades of Grey	False
32.790475	135397	6.5	8842	tt0369610	Jurassic World	150000000	Action,Adventure,Science Fiction,Thriller	http://www.jurassicworld.com/	en	Twenty-two years after the events of Jurassic Park, Isla Nublar now features a fully functioning dinosaur theme park, Jurassic World, as originally envisioned by John Hammond.	2015-06-09	1513528810	124.0	en	The park is open.	Jurassic World	False
32.213481	157336	8.1	11187	tt0816692	Interstellar	165000000	Adventure,Drama,Science Fiction	http://www.interstellarmovie.net/	en	Interstellar chronicles the adventures of a group of explorers who make use of a newly discovered wormhole to surpass the limitations on human space travel and conquer the vast distances involved in an interstellar voyage.	2014-11-05	675120017	169.0	en	Mankind was born on Earth. It was never meant to die here.	Interstellar	False
32.182851	311	8.3	1104	tt0087843	Once Upon a Time in America	30000000	Drama,Crime		en	A former Prohibition-era Jewish gangster returns to the Lower East Side of Manhattan over thirty years later, where he once again must confront the ghosts and regrets of his old life.	1984-02-16	0	229.0	en,fr,it	Crime, passion and lust for power - Sergio Leone's explosive saga of gangland America.	Once Upon a Time in America	False
32.070725	120	8.0	8892	tt0120737	The Lord of the Rings: The Fellowship of the Ring	93000000	Adventure,Fantasy,Action	http://www.lordoftherings.net/	en	Young hobbit Frodo Baggins, after inheriting a mysterious ring from his uncle Bilbo, must leave his home in order to keep it from falling into the hands of its evil creator. Along the way, a fellowship is formed to protect the ringbearer and make sure that the ring arrives at its final destination: Mt. Doom, the only place where it can be destroyed.	2001-12-18	871368364	178.0	en	One ring to rule them all	The Lord of the Rings: The Fellowship of the Ring	False
31.982986	137113	7.6	4979	tt1631867	Edge of Tomorrow	178000000	Action,Science Fiction	http://www.edgeoftomorrowmovie.com/	en	Major Bill Cage is an officer who has never seen a day of combat when he is unceremoniously demoted and dropped into combat. Cage is killed within minutes, managing to take an alpha alien down with him. He awakens back at the beginning of the same day and is forced to fight and die again... and again - as physical contact with the alien has thrown him into a time loop.	2014-05-27	370541256	113.0	en	Live, Die, Repeat	Edge of Tomorrow	False
31.772396	397243	6.3	799	tt3289956	The Autopsy of Jane Doe	0	Horror,Mystery		en	"Father and son coroners receive a mysterious unidentified corpse with no apparent cause of death. As they attempt to examine the beautiful young ""Jane Doe,"" they discover increasingly bizarre clues that hold the key to her terrifying secrets."	2016-12-21	5972942	86.0	en	Every body has a secret.	The Autopsy of Jane Doe	False
31.718977	122917	7.1	4884	tt2310332	The Hobbit: The Battle of the Five Armies	250000000	Action,Adventure,Fantasy	http://www.thehobbit.com/	en	Immediately after the events of The Desolation of Smaug, Bilbo and the dwarves try to defend Erebor's mountain of treasure from others who claim it: the men of the ruined Laketown and the elves of Mirkwood. Meanwhile an army of Orcs led by Azog the Defiler is marching on Erebor, fueled by the rise of the dark lord Sauron. Dwarves, elves and men must unite, and the hope for Middle-Earth falls into Bilbo's hands.	2014-12-10	956019788	144.0	en	Witness the defining chapter of the Middle-Earth saga	The Hobbit: The Battle of the Five Armies	False
31.626013	140607	7.5	7993	tt2488496	Star Wars: The Force Awakens	245000000	Action,Adventure,Science Fiction,Fantasy	http://www.starwars.com/films/star-wars-episode-vii	en	Thirty years after defeating the Galactic Empire, Han Solo and his allies face a new threat from the evil Kylo Ren and his army of Stormtroopers.	2015-12-15	2068223624	136.0	en	Every generation has a story.	Star Wars: The Force Awakens	False
31.59594	205596	8.0	5895	tt2084970	The Imitation Game	14000000	History,Drama,Thriller,War	http://theimitationgamemovie.com/	en	Based on the real life story of legendary cryptanalyst Alan Turing, the film portrays the nail-biting race against time by Turing and his brilliant team of code-breakers at Britain's top-secret Government Code and Cypher School at Bletchley Park, during the darkest days of World War II.	2014-11-14	233555708	113.0	en	The true enigma was the man who cracked the code.	The Imitation Game	False
31.435879	209112	5.7	7189	tt2975590	Batman v Superman: Dawn of Justice	250000000	Action,Adventure,Fantasy	http://www.batmanvsupermandawnofjustice.com/	en	Fearing the actions of a god-like Super Hero left unchecked, Gotham City’s own formidable, forceful vigilante takes on Metropolis’s most revered, modern-day savior, while the world wrestles with what sort of hero it really needs. And with Batman and Superman at war with one another, a new threat quickly arises, putting mankind in greater danger than it’s ever known before.	2016-03-23	873260194	151.0	en	Justice or revenge	Batman v Superman: Dawn of Justice	False
